device	etype	ch	idx	topic	mode	group	label	page	led_target	enabled	notes
vcm600	note	1	60	vcm600/channel/1/hi_cut		channel_buttons	Channel 1 Hi Cut	channel_switch	vcm600/channel/1/hi_cut	1	Live corrected hi_cut for channel 1: idx 61
vcm600	note	1	61	vcm600/channel/1/mid_cut		channel_buttons	Channel 1 Mid Cut	channel_switch	vcm600/channel/1/mid_cut	1	Live corrected mid_cut for channel 1: idx 62
vcm600	note	1	62	vcm600/channel/1/low_cut		channel_buttons	Channel 1 Low Cut	channel_switch	vcm600/channel/1/low_cut	1	Live corrected low_cut for channel 1: idx 63
vcm600	note	1	63	vcm600/channel/1/mute		channel_buttons	Channel 1 Mute	channel_switch	vcm600/channel/1/mute	1	Live corrected mute for channel 1: idx 64
vcm600	note	1	64	vcm600/channel/1/solo		channel_buttons	Channel 1 Solo	channel_switch	vcm600/channel/1/solo	1	Live corrected solo for channel 1: idx 65
vcm600	note	1	65	vcm600/channel/1/cf_asn		channel_buttons	Channel 1 CF Asn	channel_switch	vcm600/channel/1/cf_asn	1	Live corrected cf_asn for channel 1: idx 66
vcm600	note	1	66	vcm600/channel/1/clip		channel_buttons	Channel 1 Clip	channel_switch	vcm600/channel/1/clip	1	Live corrected clip for channel 1: idx 67
vcm600	note	1	67	vcm600/channel/1/track		channel_buttons	Channel 1 Track	channel_switch	vcm600/channel/1/track	1	Live corrected track for channel 1: idx 68
vcm600	note	1	68	vcm600/channel/1/stop		channel_buttons	Channel 1 Stop	channel_switch	vcm600/channel/1/stop	1	Manual corrected by live test: status 90 idx 45
vcm600	note	1	69	vcm600/channel/1/play		channel_buttons	Channel 1 Play	channel_switch	vcm600/channel/1/play	1	Manual corrected by live test: status 90 idx 46
vcm600	cc	1	16	vcm600/channel/1/eq_hi	abs	channel_controls	Channel 1 EQ Hi	channel_volume		1	Live corrected eq_hi for channel 1: idx 17
vcm600	cc	1	17	vcm600/channel/1/eq_mid	abs	channel_controls	Channel 1 EQ Mid	channel_volume		1	Live corrected eq_mid for channel 1: idx 18
vcm600	cc	1	18	vcm600/channel/1/eq_low	abs	channel_controls	Channel 1 EQ Low	channel_volume		1	Live corrected eq_low for channel 1: idx 19
vcm600	cc	1	10	vcm600/channel/1/pan	abs	channel_controls	Channel 1 Pan	channel_volume		1	Live corrected pan for channel 1: idx 11
vcm600	cc	1	19	vcm600/channel/1/send_a	abs	channel_controls	Channel 1 Send A	channel_volume		1	Live corrected send_a for channel 1: idx 20
vcm600	cc	1	20	vcm600/channel/1/send_b	abs	channel_controls	Channel 1 Send B	channel_volume		1	Live corrected send_b for channel 1: idx 21
vcm600	cc	1	21	vcm600/channel/1/resonance	abs	channel_controls	Channel 1 Resonance	channel_volume		1	Live corrected resonance for channel 1: idx 22
vcm600	cc	1	22	vcm600/channel/1/frequency	abs	channel_controls	Channel 1 Frequency	channel_volume		1	Live corrected frequency for channel 1: idx 23
vcm600	cc	1	23	vcm600/channel/1/level	abs	channel_controls	Channel 1 Level	channel_volume		1	Live corrected level index for channel 1: idx 24
vcm600	note	2	60	vcm600/channel/2/hi_cut		channel_buttons	Channel 2 Hi Cut	channel_switch	vcm600/channel/2/hi_cut	1	Live corrected hi_cut for channel 2: idx 61
vcm600	note	2	61	vcm600/channel/2/mid_cut		channel_buttons	Channel 2 Mid Cut	channel_switch	vcm600/channel/2/mid_cut	1	Live corrected mid_cut for channel 2: idx 62
vcm600	note	2	62	vcm600/channel/2/low_cut		channel_buttons	Channel 2 Low Cut	channel_switch	vcm600/channel/2/low_cut	1	Live corrected low_cut for channel 2: idx 63
vcm600	note	2	63	vcm600/channel/2/mute		channel_buttons	Channel 2 Mute	channel_switch	vcm600/channel/2/mute	1	Live corrected mute for channel 2: idx 64
vcm600	note	2	64	vcm600/channel/2/solo		channel_buttons	Channel 2 Solo	channel_switch	vcm600/channel/2/solo	1	Live corrected solo for channel 2: idx 65
vcm600	note	2	65	vcm600/channel/2/cf_asn		channel_buttons	Channel 2 CF Asn	channel_switch	vcm600/channel/2/cf_asn	1	Live corrected cf_asn for channel 2: idx 66
vcm600	note	2	66	vcm600/channel/2/clip		channel_buttons	Channel 2 Clip	channel_switch	vcm600/channel/2/clip	1	Live corrected clip for channel 2: idx 67
vcm600	note	2	67	vcm600/channel/2/track		channel_buttons	Channel 2 Track	channel_switch	vcm600/channel/2/track	1	Live corrected track for channel 2: idx 68
vcm600	note	2	68	vcm600/channel/2/stop		channel_buttons	Channel 2 Stop	channel_switch	vcm600/channel/2/stop	1	Manual corrected by live test: status 91 idx 45
vcm600	note	2	69	vcm600/channel/2/play		channel_buttons	Channel 2 Play	channel_switch	vcm600/channel/2/play	1	Manual corrected by live test: status 91 idx 46
vcm600	cc	2	16	vcm600/channel/2/eq_hi	abs	channel_controls	Channel 2 EQ Hi	channel_volume		1	Live corrected eq_hi for channel 2: idx 17
vcm600	cc	2	17	vcm600/channel/2/eq_mid	abs	channel_controls	Channel 2 EQ Mid	channel_volume		1	Live corrected eq_mid for channel 2: idx 18
vcm600	cc	2	18	vcm600/channel/2/eq_low	abs	channel_controls	Channel 2 EQ Low	channel_volume		1	Live corrected eq_low for channel 2: idx 19
vcm600	cc	2	10	vcm600/channel/2/pan	abs	channel_controls	Channel 2 Pan	channel_volume		1	Live corrected pan for channel 2: idx 11
vcm600	cc	2	19	vcm600/channel/2/send_a	abs	channel_controls	Channel 2 Send A	channel_volume		1	Live corrected send_a for channel 2: idx 20
vcm600	cc	2	20	vcm600/channel/2/send_b	abs	channel_controls	Channel 2 Send B	channel_volume		1	Live corrected send_b for channel 2: idx 21
vcm600	cc	2	21	vcm600/channel/2/resonance	abs	channel_controls	Channel 2 Resonance	channel_volume		1	Live corrected resonance for channel 2: idx 22
vcm600	cc	2	22	vcm600/channel/2/frequency	abs	channel_controls	Channel 2 Frequency	channel_volume		1	Live corrected frequency for channel 2: idx 23
vcm600	cc	2	23	vcm600/channel/2/level	abs	channel_controls	Channel 2 Level	channel_volume		1	Live corrected level index for channel 2: idx 24
vcm600	note	3	60	vcm600/channel/3/hi_cut		channel_buttons	Channel 3 Hi Cut	channel_switch	vcm600/channel/3/hi_cut	1	Live corrected hi_cut for channel 3: idx 61
vcm600	note	3	61	vcm600/channel/3/mid_cut		channel_buttons	Channel 3 Mid Cut	channel_switch	vcm600/channel/3/mid_cut	1	Live corrected mid_cut for channel 3: idx 62
vcm600	note	3	62	vcm600/channel/3/low_cut		channel_buttons	Channel 3 Low Cut	channel_switch	vcm600/channel/3/low_cut	1	Live corrected low_cut for channel 3: idx 63
vcm600	note	3	63	vcm600/channel/3/mute		channel_buttons	Channel 3 Mute	channel_switch	vcm600/channel/3/mute	1	Live corrected mute for channel 3: idx 64
vcm600	note	3	64	vcm600/channel/3/solo		channel_buttons	Channel 3 Solo	channel_switch	vcm600/channel/3/solo	1	Live corrected solo for channel 3: idx 65
vcm600	note	3	65	vcm600/channel/3/cf_asn		channel_buttons	Channel 3 CF Asn	channel_switch	vcm600/channel/3/cf_asn	1	Live corrected cf_asn for channel 3: idx 66
vcm600	note	3	66	vcm600/channel/3/clip		channel_buttons	Channel 3 Clip	channel_switch	vcm600/channel/3/clip	1	Live corrected clip for channel 3: idx 67
vcm600	note	3	67	vcm600/channel/3/track		channel_buttons	Channel 3 Track	channel_switch	vcm600/channel/3/track	1	Live corrected track for channel 3: idx 68
vcm600	note	3	68	vcm600/channel/3/stop		channel_buttons	Channel 3 Stop	channel_switch	vcm600/channel/3/stop	1	Manual corrected by live test: status 92 idx 45
vcm600	note	3	69	vcm600/channel/3/play		channel_buttons	Channel 3 Play	channel_switch	vcm600/channel/3/play	1	Manual corrected by live test: status 92 idx 46
vcm600	cc	3	16	vcm600/channel/3/eq_hi	abs	channel_controls	Channel 3 EQ Hi	channel_volume		1	Live corrected eq_hi for channel 3: idx 17
vcm600	cc	3	17	vcm600/channel/3/eq_mid	abs	channel_controls	Channel 3 EQ Mid	channel_volume		1	Live corrected eq_mid for channel 3: idx 18
vcm600	cc	3	18	vcm600/channel/3/eq_low	abs	channel_controls	Channel 3 EQ Low	channel_volume		1	Live corrected eq_low for channel 3: idx 19
vcm600	cc	3	10	vcm600/channel/3/pan	abs	channel_controls	Channel 3 Pan	channel_volume		1	Live corrected pan for channel 3: idx 11
vcm600	cc	3	19	vcm600/channel/3/send_a	abs	channel_controls	Channel 3 Send A	channel_volume		1	Live corrected send_a for channel 3: idx 20
vcm600	cc	3	20	vcm600/channel/3/send_b	abs	channel_controls	Channel 3 Send B	channel_volume		1	Live corrected send_b for channel 3: idx 21
vcm600	cc	3	21	vcm600/channel/3/resonance	abs	channel_controls	Channel 3 Resonance	channel_volume		1	Live corrected resonance for channel 3: idx 22
vcm600	cc	3	22	vcm600/channel/3/frequency	abs	channel_controls	Channel 3 Frequency	channel_volume		1	Live corrected frequency for channel 3: idx 23
vcm600	cc	3	23	vcm600/channel/3/level	abs	channel_controls	Channel 3 Level	channel_volume		1	Live corrected level index for channel 3: idx 24
vcm600	note	4	60	vcm600/channel/4/hi_cut		channel_buttons	Channel 4 Hi Cut	channel_switch	vcm600/channel/4/hi_cut	1	Live corrected hi_cut for channel 4: idx 61
vcm600	note	4	61	vcm600/channel/4/mid_cut		channel_buttons	Channel 4 Mid Cut	channel_switch	vcm600/channel/4/mid_cut	1	Live corrected mid_cut for channel 4: idx 62
vcm600	note	4	62	vcm600/channel/4/low_cut		channel_buttons	Channel 4 Low Cut	channel_switch	vcm600/channel/4/low_cut	1	Live corrected low_cut for channel 4: idx 63
vcm600	note	4	63	vcm600/channel/4/mute		channel_buttons	Channel 4 Mute	channel_switch	vcm600/channel/4/mute	1	Live corrected mute for channel 4: idx 64
vcm600	note	4	64	vcm600/channel/4/solo		channel_buttons	Channel 4 Solo	channel_switch	vcm600/channel/4/solo	1	Live corrected solo for channel 4: idx 65
vcm600	note	4	65	vcm600/channel/4/cf_asn		channel_buttons	Channel 4 CF Asn	channel_switch	vcm600/channel/4/cf_asn	1	Live corrected cf_asn for channel 4: idx 66
vcm600	note	4	66	vcm600/channel/4/clip		channel_buttons	Channel 4 Clip	channel_switch	vcm600/channel/4/clip	1	Live corrected clip for channel 4: idx 67
vcm600	note	4	67	vcm600/channel/4/track		channel_buttons	Channel 4 Track	channel_switch	vcm600/channel/4/track	1	Live corrected track for channel 4: idx 68
vcm600	note	4	68	vcm600/channel/4/stop		channel_buttons	Channel 4 Stop	channel_switch	vcm600/channel/4/stop	1	Manual corrected by live test: status 93 idx 45
vcm600	note	4	69	vcm600/channel/4/play		channel_buttons	Channel 4 Play	channel_switch	vcm600/channel/4/play	1	Manual corrected by live test: status 93 idx 46
vcm600	cc	4	16	vcm600/channel/4/eq_hi	abs	channel_controls	Channel 4 EQ Hi	channel_volume		1	Live corrected eq_hi for channel 4: idx 17
vcm600	cc	4	17	vcm600/channel/4/eq_mid	abs	channel_controls	Channel 4 EQ Mid	channel_volume		1	Live corrected eq_mid for channel 4: idx 18
vcm600	cc	4	18	vcm600/channel/4/eq_low	abs	channel_controls	Channel 4 EQ Low	channel_volume		1	Live corrected eq_low for channel 4: idx 19
vcm600	cc	4	10	vcm600/channel/4/pan	abs	channel_controls	Channel 4 Pan	channel_volume		1	Live corrected pan for channel 4: idx 11
vcm600	cc	4	19	vcm600/channel/4/send_a	abs	channel_controls	Channel 4 Send A	channel_volume		1	Live corrected send_a for channel 4: idx 20
vcm600	cc	4	20	vcm600/channel/4/send_b	abs	channel_controls	Channel 4 Send B	channel_volume		1	Live corrected send_b for channel 4: idx 21
vcm600	cc	4	21	vcm600/channel/4/resonance	abs	channel_controls	Channel 4 Resonance	channel_volume		1	Live corrected resonance for channel 4: idx 22
vcm600	cc	4	22	vcm600/channel/4/frequency	abs	channel_controls	Channel 4 Frequency	channel_volume		1	Live corrected frequency for channel 4: idx 23
vcm600	cc	4	23	vcm600/channel/4/level	abs	channel_controls	Channel 4 Level	channel_volume		1	Live corrected level index for channel 4: idx 24
vcm600	note	5	60	vcm600/channel/5/hi_cut		channel_buttons	Channel 5 Hi Cut	channel_switch	vcm600/channel/5/hi_cut	1	Live corrected hi_cut for channel 5: idx 61
vcm600	note	5	61	vcm600/channel/5/mid_cut		channel_buttons	Channel 5 Mid Cut	channel_switch	vcm600/channel/5/mid_cut	1	Live corrected mid_cut for channel 5: idx 62
vcm600	note	5	62	vcm600/channel/5/low_cut		channel_buttons	Channel 5 Low Cut	channel_switch	vcm600/channel/5/low_cut	1	Live corrected low_cut for channel 5: idx 63
vcm600	note	5	63	vcm600/channel/5/mute		channel_buttons	Channel 5 Mute	channel_switch	vcm600/channel/5/mute	1	Live corrected mute for channel 5: idx 64
vcm600	note	5	64	vcm600/channel/5/solo		channel_buttons	Channel 5 Solo	channel_switch	vcm600/channel/5/solo	1	Live corrected solo for channel 5: idx 65
vcm600	note	5	65	vcm600/channel/5/cf_asn		channel_buttons	Channel 5 CF Asn	channel_switch	vcm600/channel/5/cf_asn	1	Live corrected cf_asn for channel 5: idx 66
vcm600	note	5	66	vcm600/channel/5/clip		channel_buttons	Channel 5 Clip	channel_switch	vcm600/channel/5/clip	1	Live corrected clip for channel 5: idx 67
vcm600	note	5	67	vcm600/channel/5/track		channel_buttons	Channel 5 Track	channel_switch	vcm600/channel/5/track	1	Live corrected track for channel 5: idx 68
vcm600	note	5	68	vcm600/channel/5/stop		channel_buttons	Channel 5 Stop	channel_switch	vcm600/channel/5/stop	1	Manual corrected by live test: status 94 idx 45
vcm600	note	5	69	vcm600/channel/5/play		channel_buttons	Channel 5 Play	channel_switch	vcm600/channel/5/play	1	Manual corrected by live test: status 94 idx 46
vcm600	cc	5	16	vcm600/channel/5/eq_hi	abs	channel_controls	Channel 5 EQ Hi	channel_volume		1	Live corrected eq_hi for channel 5: idx 17
vcm600	cc	5	17	vcm600/channel/5/eq_mid	abs	channel_controls	Channel 5 EQ Mid	channel_volume		1	Live corrected eq_mid for channel 5: idx 18
vcm600	cc	5	18	vcm600/channel/5/eq_low	abs	channel_controls	Channel 5 EQ Low	channel_volume		1	Live corrected eq_low for channel 5: idx 19
vcm600	cc	5	10	vcm600/channel/5/pan	abs	channel_controls	Channel 5 Pan	channel_volume		1	Live corrected pan for channel 5: idx 11
vcm600	cc	5	19	vcm600/channel/5/send_a	abs	channel_controls	Channel 5 Send A	channel_volume		1	Live corrected send_a for channel 5: idx 20
vcm600	cc	5	20	vcm600/channel/5/send_b	abs	channel_controls	Channel 5 Send B	channel_volume		1	Live corrected send_b for channel 5: idx 21
vcm600	cc	5	21	vcm600/channel/5/resonance	abs	channel_controls	Channel 5 Resonance	channel_volume		1	Live corrected resonance for channel 5: idx 22
vcm600	cc	5	22	vcm600/channel/5/frequency	abs	channel_controls	Channel 5 Frequency	channel_volume		1	Live corrected frequency for channel 5: idx 23
vcm600	cc	5	23	vcm600/channel/5/level	abs	channel_controls	Channel 5 Level	channel_volume		1	Live corrected level index for channel 5: idx 24
vcm600	note	6	60	vcm600/channel/6/hi_cut		channel_buttons	Channel 6 Hi Cut	channel_switch	vcm600/channel/6/hi_cut	1	Live corrected hi_cut for channel 6: idx 61
vcm600	note	6	61	vcm600/channel/6/mid_cut		channel_buttons	Channel 6 Mid Cut	channel_switch	vcm600/channel/6/mid_cut	1	Live corrected mid_cut for channel 6: idx 62
vcm600	note	6	62	vcm600/channel/6/low_cut		channel_buttons	Channel 6 Low Cut	channel_switch	vcm600/channel/6/low_cut	1	Live corrected low_cut for channel 6: idx 63
vcm600	note	6	63	vcm600/channel/6/mute		channel_buttons	Channel 6 Mute	channel_switch	vcm600/channel/6/mute	1	Live corrected mute for channel 6: idx 64
vcm600	note	6	64	vcm600/channel/6/solo		channel_buttons	Channel 6 Solo	channel_switch	vcm600/channel/6/solo	1	Live corrected solo for channel 6: idx 65
vcm600	note	6	65	vcm600/channel/6/cf_asn		channel_buttons	Channel 6 CF Asn	channel_switch	vcm600/channel/6/cf_asn	1	Live corrected cf_asn for channel 6: idx 66
vcm600	note	6	66	vcm600/channel/6/clip		channel_buttons	Channel 6 Clip	channel_switch	vcm600/channel/6/clip	1	Live corrected clip for channel 6: idx 67
vcm600	note	6	67	vcm600/channel/6/track		channel_buttons	Channel 6 Track	channel_switch	vcm600/channel/6/track	1	Live corrected track for channel 6: idx 68
vcm600	note	6	68	vcm600/channel/6/stop		channel_buttons	Channel 6 Stop	channel_switch	vcm600/channel/6/stop	1	Manual corrected by live test: status 95 idx 45
vcm600	note	6	69	vcm600/channel/6/play		channel_buttons	Channel 6 Play	channel_switch	vcm600/channel/6/play	1	Manual corrected by live test: status 95 idx 46
vcm600	cc	6	16	vcm600/channel/6/eq_hi	abs	channel_controls	Channel 6 EQ Hi	channel_volume		1	Live corrected eq_hi for channel 6: idx 17
vcm600	cc	6	17	vcm600/channel/6/eq_mid	abs	channel_controls	Channel 6 EQ Mid	channel_volume		1	Live corrected eq_mid for channel 6: idx 18
vcm600	cc	6	18	vcm600/channel/6/eq_low	abs	channel_controls	Channel 6 EQ Low	channel_volume		1	Live corrected eq_low for channel 6: idx 19
vcm600	cc	6	10	vcm600/channel/6/pan	abs	channel_controls	Channel 6 Pan	channel_volume		1	Live corrected pan for channel 6: idx 11
vcm600	cc	6	19	vcm600/channel/6/send_a	abs	channel_controls	Channel 6 Send A	channel_volume		1	Live corrected send_a for channel 6: idx 20
vcm600	cc	6	20	vcm600/channel/6/send_b	abs	channel_controls	Channel 6 Send B	channel_volume		1	Live corrected send_b for channel 6: idx 21
vcm600	cc	6	21	vcm600/channel/6/resonance	abs	channel_controls	Channel 6 Resonance	channel_volume		1	Live corrected resonance for channel 6: idx 22
vcm600	cc	6	22	vcm600/channel/6/frequency	abs	channel_controls	Channel 6 Frequency	channel_volume		1	Live corrected frequency for channel 6: idx 23
vcm600	cc	6	23	vcm600/channel/6/level	abs	channel_controls	Channel 6 Level	channel_volume		1	Live corrected level index for channel 6: idx 24
vcm600	note	7	60	vcm600/channel/7/hi_cut		channel_buttons	Channel 7 Hi Cut	channel_switch	vcm600/channel/7/hi_cut	1	Live corrected hi_cut for channel 7: idx 61
vcm600	note	7	61	vcm600/channel/7/mid_cut		channel_buttons	Channel 7 Mid Cut	channel_switch	vcm600/channel/7/mid_cut	1	Live corrected mid_cut for channel 7: idx 62
vcm600	note	7	62	vcm600/channel/7/low_cut		channel_buttons	Channel 7 Low Cut	channel_switch	vcm600/channel/7/low_cut	1	Live corrected low_cut for channel 7: idx 63
vcm600	note	7	63	vcm600/channel/7/mute		channel_buttons	Channel 7 Mute	channel_switch	vcm600/channel/7/mute	1	Live corrected mute for channel 7: idx 64
vcm600	note	7	64	vcm600/channel/7/solo		channel_buttons	Channel 7 Solo	channel_switch	vcm600/channel/7/solo	1	Live corrected solo for channel 7: idx 65
vcm600	note	7	65	vcm600/channel/7/cf_asn		channel_buttons	Channel 7 CF Asn	channel_switch	vcm600/channel/7/cf_asn	1	Live corrected cf_asn for channel 7: idx 66
vcm600	note	7	66	vcm600/channel/7/clip		channel_buttons	Channel 7 Clip	channel_switch	vcm600/channel/7/clip	1	Live corrected clip for channel 7: idx 67
vcm600	note	7	67	vcm600/channel/7/track		channel_buttons	Channel 7 Track	channel_switch	vcm600/channel/7/track	1	Live corrected track for channel 7: idx 68
vcm600	note	7	68	vcm600/channel/7/stop		channel_buttons	Channel 7 Stop	channel_switch	vcm600/channel/7/stop	1	Manual corrected by live test: status 96 idx 45
vcm600	note	7	69	vcm600/channel/7/play		channel_buttons	Channel 7 Play	channel_switch	vcm600/channel/7/play	1	Manual corrected by live test: status 96 idx 46
vcm600	cc	7	16	vcm600/channel/7/eq_hi	abs	channel_controls	Channel 7 EQ Hi	channel_volume		1	Live corrected eq_hi for channel 7: idx 17
vcm600	cc	7	17	vcm600/channel/7/eq_mid	abs	channel_controls	Channel 7 EQ Mid	channel_volume		1	Live corrected eq_mid for channel 7: idx 18
vcm600	cc	7	18	vcm600/channel/7/eq_low	abs	channel_controls	Channel 7 EQ Low	channel_volume		1	Live corrected eq_low for channel 7: idx 19
vcm600	cc	7	10	vcm600/channel/7/pan	abs	channel_controls	Channel 7 Pan	channel_volume		1	Live corrected pan for channel 7: idx 11
vcm600	cc	7	19	vcm600/channel/7/send_a	abs	channel_controls	Channel 7 Send A	channel_volume		1	Live corrected send_a for channel 7: idx 20
vcm600	cc	7	20	vcm600/channel/7/send_b	abs	channel_controls	Channel 7 Send B	channel_volume		1	Live corrected send_b for channel 7: idx 21
vcm600	cc	7	21	vcm600/channel/7/resonance	abs	channel_controls	Channel 7 Resonance	channel_volume		1	Live corrected resonance for channel 7: idx 22
vcm600	cc	7	22	vcm600/channel/7/frequency	abs	channel_controls	Channel 7 Frequency	channel_volume		1	Live corrected frequency for channel 7: idx 23
vcm600	cc	7	23	vcm600/channel/7/level	abs	channel_controls	Channel 7 Level	channel_volume		1	Live corrected level index for channel 7: idx 24
vcm600	note	8	60	vcm600/channel/8/hi_cut		channel_buttons	Channel 8 Hi Cut	channel_switch	vcm600/channel/8/hi_cut	1	Live corrected hi_cut for channel 8: idx 61
vcm600	note	8	61	vcm600/channel/8/mid_cut		channel_buttons	Channel 8 Mid Cut	channel_switch	vcm600/channel/8/mid_cut	1	Live corrected mid_cut for channel 8: idx 62
vcm600	note	8	62	vcm600/channel/8/low_cut		channel_buttons	Channel 8 Low Cut	channel_switch	vcm600/channel/8/low_cut	1	Live corrected low_cut for channel 8: idx 63
vcm600	note	8	63	vcm600/channel/8/mute		channel_buttons	Channel 8 Mute	channel_switch	vcm600/channel/8/mute	1	Live corrected mute for channel 8: idx 64
vcm600	note	8	64	vcm600/channel/8/solo		channel_buttons	Channel 8 Solo	channel_switch	vcm600/channel/8/solo	1	Live corrected solo for channel 8: idx 65
vcm600	note	8	65	vcm600/channel/8/cf_asn		channel_buttons	Channel 8 CF Asn	channel_switch	vcm600/channel/8/cf_asn	1	Live corrected cf_asn for channel 8: idx 66
vcm600	note	8	66	vcm600/channel/8/clip		channel_buttons	Channel 8 Clip	channel_switch	vcm600/channel/8/clip	1	Live corrected clip for channel 8: idx 67
vcm600	note	8	67	vcm600/channel/8/track		channel_buttons	Channel 8 Track	channel_switch	vcm600/channel/8/track	1	Live corrected track for channel 8: idx 68
vcm600	note	8	68	vcm600/channel/8/stop		channel_buttons	Channel 8 Stop	channel_switch	vcm600/channel/8/stop	1	Manual corrected by live test: status 97 idx 45
vcm600	note	8	69	vcm600/channel/8/play		channel_buttons	Channel 8 Play	channel_switch	vcm600/channel/8/play	1	Manual corrected by live test: status 97 idx 46
vcm600	cc	8	16	vcm600/channel/8/eq_hi	abs	channel_controls	Channel 8 EQ Hi	channel_volume		1	Live corrected eq_hi for channel 8: idx 17
vcm600	cc	8	17	vcm600/channel/8/eq_mid	abs	channel_controls	Channel 8 EQ Mid	channel_volume		1	Live corrected eq_mid for channel 8: idx 18
vcm600	cc	8	18	vcm600/channel/8/eq_low	abs	channel_controls	Channel 8 EQ Low	channel_volume		1	Live corrected eq_low for channel 8: idx 19
vcm600	cc	8	10	vcm600/channel/8/pan	abs	channel_controls	Channel 8 Pan	channel_volume		1	Live corrected pan for channel 8: idx 11
vcm600	cc	8	19	vcm600/channel/8/send_a	abs	channel_controls	Channel 8 Send A	channel_volume		1	Live corrected send_a for channel 8: idx 20
vcm600	cc	8	20	vcm600/channel/8/send_b	abs	channel_controls	Channel 8 Send B	channel_volume		1	Live corrected send_b for channel 8: idx 21
vcm600	cc	8	21	vcm600/channel/8/resonance	abs	channel_controls	Channel 8 Resonance	channel_volume		1	Live corrected resonance for channel 8: idx 22
vcm600	cc	8	22	vcm600/channel/8/frequency	abs	channel_controls	Channel 8 Frequency	channel_volume		1	Live corrected frequency for channel 8: idx 23
vcm600	cc	8	23	vcm600/channel/8/level	abs	channel_controls	Channel 8 Level	channel_volume		1	Live corrected level index for channel 8: idx 24
vcm600	note	9	60	vcm600/channel/9/hi_cut		channel_buttons	Channel 9 Hi Cut	channel_switch	vcm600/channel/9/hi_cut	1	Live corrected hi_cut for channel 9: idx 61
vcm600	note	9	61	vcm600/channel/9/mid_cut		channel_buttons	Channel 9 Mid Cut	channel_switch	vcm600/channel/9/mid_cut	1	Live corrected mid_cut for channel 9: idx 62
vcm600	note	9	62	vcm600/channel/9/low_cut		channel_buttons	Channel 9 Low Cut	channel_switch	vcm600/channel/9/low_cut	1	Live corrected low_cut for channel 9: idx 63
vcm600	note	9	63	vcm600/channel/9/mute		channel_buttons	Channel 9 Mute	channel_switch	vcm600/channel/9/mute	1	Live corrected mute for channel 9: idx 64
vcm600	note	9	64	vcm600/channel/9/solo		channel_buttons	Channel 9 Solo	channel_switch	vcm600/channel/9/solo	1	Live corrected solo for channel 9: idx 65
vcm600	note	9	65	vcm600/channel/9/cf_asn		channel_buttons	Channel 9 CF Asn	channel_switch	vcm600/channel/9/cf_asn	1	Live corrected cf_asn for channel 9: idx 66
vcm600	note	9	66	vcm600/channel/9/clip		channel_buttons	Channel 9 Clip	channel_switch	vcm600/channel/9/clip	1	Live corrected clip for channel 9: idx 67
vcm600	note	9	67	vcm600/channel/9/track		channel_buttons	Channel 9 Track	channel_switch	vcm600/channel/9/track	1	Live corrected track for channel 9: idx 68
vcm600	note	9	68	vcm600/channel/9/stop		channel_buttons	Channel 9 Stop	channel_switch	vcm600/channel/9/stop	1	Manual corrected by live test: status 98 idx 45
vcm600	note	9	69	vcm600/channel/9/play		channel_buttons	Channel 9 Play	channel_switch	vcm600/channel/9/play	1	Manual corrected by live test: status 98 idx 46
vcm600	cc	9	16	vcm600/channel/9/eq_hi	abs	channel_controls	Channel 9 EQ Hi	channel_volume		1	Live corrected eq_hi for channel 9: idx 17
vcm600	cc	9	17	vcm600/channel/9/eq_mid	abs	channel_controls	Channel 9 EQ Mid	channel_volume		1	Live corrected eq_mid for channel 9: idx 18
vcm600	cc	9	18	vcm600/channel/9/eq_low	abs	channel_controls	Channel 9 EQ Low	channel_volume		1	Live corrected eq_low for channel 9: idx 19
vcm600	cc	9	10	vcm600/channel/9/pan	abs	channel_controls	Channel 9 Pan	channel_volume		1	Live corrected pan for channel 9: idx 11
vcm600	cc	9	19	vcm600/channel/9/send_a	abs	channel_controls	Channel 9 Send A	channel_volume		1	Live corrected send_a for channel 9: idx 20
vcm600	cc	9	20	vcm600/channel/9/send_b	abs	channel_controls	Channel 9 Send B	channel_volume		1	Live corrected send_b for channel 9: idx 21
vcm600	cc	9	21	vcm600/channel/9/resonance	abs	channel_controls	Channel 9 Resonance	channel_volume		1	Live corrected resonance for channel 9: idx 22
vcm600	cc	9	22	vcm600/channel/9/frequency	abs	channel_controls	Channel 9 Frequency	channel_volume		1	Live corrected frequency for channel 9: idx 23
vcm600	cc	9	23	vcm600/channel/9/level	abs	channel_controls	Channel 9 Level	channel_volume		1	Live corrected level index for channel 9: idx 24
vcm600	note	10	60	vcm600/channel/10/hi_cut		channel_buttons	Channel 10 Hi Cut	channel_switch	vcm600/channel/10/hi_cut	1	Live corrected hi_cut for channel 10: idx 61
vcm600	note	10	61	vcm600/channel/10/mid_cut		channel_buttons	Channel 10 Mid Cut	channel_switch	vcm600/channel/10/mid_cut	1	Live corrected mid_cut for channel 10: idx 62
vcm600	note	10	62	vcm600/channel/10/low_cut		channel_buttons	Channel 10 Low Cut	channel_switch	vcm600/channel/10/low_cut	1	Live corrected low_cut for channel 10: idx 63
vcm600	note	10	63	vcm600/channel/10/mute		channel_buttons	Channel 10 Mute	channel_switch	vcm600/channel/10/mute	1	Live corrected mute for channel 10: idx 64
vcm600	note	10	64	vcm600/channel/10/solo		channel_buttons	Channel 10 Solo	channel_switch	vcm600/channel/10/solo	1	Live corrected solo for channel 10: idx 65
vcm600	note	10	65	vcm600/channel/10/cf_asn		channel_buttons	Channel 10 CF Asn	channel_switch	vcm600/channel/10/cf_asn	1	Live corrected cf_asn for channel 10: idx 66
vcm600	note	10	66	vcm600/channel/10/clip		channel_buttons	Channel 10 Clip	channel_switch	vcm600/channel/10/clip	1	Live corrected clip for channel 10: idx 67
vcm600	note	10	67	vcm600/channel/10/track		channel_buttons	Channel 10 Track	channel_switch	vcm600/channel/10/track	1	Live corrected track for channel 10: idx 68
vcm600	note	10	68	vcm600/channel/10/stop		channel_buttons	Channel 10 Stop	channel_switch	vcm600/channel/10/stop	1	Manual corrected by live test: status 99 idx 45
vcm600	note	10	69	vcm600/channel/10/play		channel_buttons	Channel 10 Play	channel_switch	vcm600/channel/10/play	1	Manual corrected by live test: status 99 idx 46
vcm600	cc	10	16	vcm600/channel/10/eq_hi	abs	channel_controls	Channel 10 EQ Hi	channel_volume		1	Live corrected eq_hi for channel 10: idx 17
vcm600	cc	10	17	vcm600/channel/10/eq_mid	abs	channel_controls	Channel 10 EQ Mid	channel_volume		1	Live corrected eq_mid for channel 10: idx 18
vcm600	cc	10	18	vcm600/channel/10/eq_low	abs	channel_controls	Channel 10 EQ Low	channel_volume		1	Live corrected eq_low for channel 10: idx 19
vcm600	cc	10	10	vcm600/channel/10/pan	abs	channel_controls	Channel 10 Pan	channel_volume		1	Live corrected pan for channel 10: idx 11
vcm600	cc	10	19	vcm600/channel/10/send_a	abs	channel_controls	Channel 10 Send A	channel_volume		1	Live corrected send_a for channel 10: idx 20
vcm600	cc	10	20	vcm600/channel/10/send_b	abs	channel_controls	Channel 10 Send B	channel_volume		1	Live corrected send_b for channel 10: idx 21
vcm600	cc	10	21	vcm600/channel/10/resonance	abs	channel_controls	Channel 10 Resonance	channel_volume		1	Live corrected resonance for channel 10: idx 22
vcm600	cc	10	22	vcm600/channel/10/frequency	abs	channel_controls	Channel 10 Frequency	channel_volume		1	Live corrected frequency for channel 10: idx 23
vcm600	cc	10	23	vcm600/channel/10/level	abs	channel_controls	Channel 10 Level	channel_volume		1	Live corrected level index for channel 10: idx 24
vcm600	note	11	60	vcm600/channel/11/hi_cut		channel_buttons	Channel 11 Hi Cut	channel_switch	vcm600/channel/11/hi_cut	1	Live corrected hi_cut for channel 11: idx 61
vcm600	note	11	61	vcm600/channel/11/mid_cut		channel_buttons	Channel 11 Mid Cut	channel_switch	vcm600/channel/11/mid_cut	1	Live corrected mid_cut for channel 11: idx 62
vcm600	note	11	62	vcm600/channel/11/low_cut		channel_buttons	Channel 11 Low Cut	channel_switch	vcm600/channel/11/low_cut	1	Live corrected low_cut for channel 11: idx 63
vcm600	note	11	63	vcm600/channel/11/mute		channel_buttons	Channel 11 Mute	channel_switch	vcm600/channel/11/mute	1	Live corrected mute for channel 11: idx 64
vcm600	note	11	64	vcm600/channel/11/solo		channel_buttons	Channel 11 Solo	channel_switch	vcm600/channel/11/solo	1	Live corrected solo for channel 11: idx 65
vcm600	note	11	65	vcm600/channel/11/cf_asn		channel_buttons	Channel 11 CF Asn	channel_switch	vcm600/channel/11/cf_asn	1	Live corrected cf_asn for channel 11: idx 66
vcm600	note	11	66	vcm600/channel/11/clip		channel_buttons	Channel 11 Clip	channel_switch	vcm600/channel/11/clip	1	Live corrected clip for channel 11: idx 67
vcm600	note	11	67	vcm600/channel/11/track		channel_buttons	Channel 11 Track	channel_switch	vcm600/channel/11/track	1	Live corrected track for channel 11: idx 68
vcm600	note	11	68	vcm600/channel/11/stop		channel_buttons	Channel 11 Stop	channel_switch	vcm600/channel/11/stop	1	Manual corrected by live test: status 9A idx 45
vcm600	note	11	69	vcm600/channel/11/play		channel_buttons	Channel 11 Play	channel_switch	vcm600/channel/11/play	1	Manual corrected by live test: status 9A idx 46
vcm600	cc	11	16	vcm600/channel/11/eq_hi	abs	channel_controls	Channel 11 EQ Hi	channel_volume		1	Live corrected eq_hi for channel 11: idx 17
vcm600	cc	11	17	vcm600/channel/11/eq_mid	abs	channel_controls	Channel 11 EQ Mid	channel_volume		1	Live corrected eq_mid for channel 11: idx 18
vcm600	cc	11	18	vcm600/channel/11/eq_low	abs	channel_controls	Channel 11 EQ Low	channel_volume		1	Live corrected eq_low for channel 11: idx 19
vcm600	cc	11	10	vcm600/channel/11/pan	abs	channel_controls	Channel 11 Pan	channel_volume		1	Live corrected pan for channel 11: idx 11
vcm600	cc	11	19	vcm600/channel/11/send_a	abs	channel_controls	Channel 11 Send A	channel_volume		1	Live corrected send_a for channel 11: idx 20
vcm600	cc	11	20	vcm600/channel/11/send_b	abs	channel_controls	Channel 11 Send B	channel_volume		1	Live corrected send_b for channel 11: idx 21
vcm600	cc	11	21	vcm600/channel/11/resonance	abs	channel_controls	Channel 11 Resonance	channel_volume		1	Live corrected resonance for channel 11: idx 22
vcm600	cc	11	22	vcm600/channel/11/frequency	abs	channel_controls	Channel 11 Frequency	channel_volume		1	Live corrected frequency for channel 11: idx 23
vcm600	cc	11	23	vcm600/channel/11/level	abs	channel_controls	Channel 11 Level	channel_volume		1	Live corrected level index for channel 11: idx 24
vcm600	note	12	60	vcm600/channel/12/hi_cut		channel_buttons	Channel 12 Hi Cut	channel_switch	vcm600/channel/12/hi_cut	1	Live corrected hi_cut for channel 12: idx 61
vcm600	note	12	61	vcm600/channel/12/mid_cut		channel_buttons	Channel 12 Mid Cut	channel_switch	vcm600/channel/12/mid_cut	1	Live corrected mid_cut for channel 12: idx 62
vcm600	note	12	62	vcm600/channel/12/low_cut		channel_buttons	Channel 12 Low Cut	channel_switch	vcm600/channel/12/low_cut	1	Live corrected low_cut for channel 12: idx 63
vcm600	note	12	63	vcm600/channel/12/mute		channel_buttons	Channel 12 Mute	channel_switch	vcm600/channel/12/mute	1	Live corrected mute for channel 12: idx 64
vcm600	note	12	64	vcm600/channel/12/solo		channel_buttons	Channel 12 Solo	channel_switch	vcm600/channel/12/solo	1	Live corrected solo for channel 12: idx 65
vcm600	note	12	65	vcm600/channel/12/cf_asn		channel_buttons	Channel 12 CF Asn	channel_switch	vcm600/channel/12/cf_asn	1	Live corrected cf_asn for channel 12: idx 66
vcm600	note	12	66	vcm600/channel/12/clip		channel_buttons	Channel 12 Clip	channel_switch	vcm600/channel/12/clip	1	Live corrected clip for channel 12: idx 67
vcm600	note	12	67	vcm600/channel/12/track		channel_buttons	Channel 12 Track	channel_switch	vcm600/channel/12/track	1	Live corrected track for channel 12: idx 68
vcm600	note	12	68	vcm600/channel/12/stop		channel_buttons	Channel 12 Stop	channel_switch	vcm600/channel/12/stop	1	Manual corrected by live test: status 9B idx 45
vcm600	note	12	69	vcm600/channel/12/play		channel_buttons	Channel 12 Play	channel_switch	vcm600/channel/12/play	1	Manual corrected by live test: status 9B idx 46
vcm600	cc	12	16	vcm600/channel/12/eq_hi	abs	channel_controls	Channel 12 EQ Hi	channel_volume		1	Live corrected eq_hi for channel 12: idx 17
vcm600	cc	12	17	vcm600/channel/12/eq_mid	abs	channel_controls	Channel 12 EQ Mid	channel_volume		1	Live corrected eq_mid for channel 12: idx 18
vcm600	cc	12	18	vcm600/channel/12/eq_low	abs	channel_controls	Channel 12 EQ Low	channel_volume		1	Live corrected eq_low for channel 12: idx 19
vcm600	cc	12	10	vcm600/channel/12/pan	abs	channel_controls	Channel 12 Pan	channel_volume		1	Live corrected pan for channel 12: idx 11
vcm600	cc	12	19	vcm600/channel/12/send_a	abs	channel_controls	Channel 12 Send A	channel_volume		1	Live corrected send_a for channel 12: idx 20
vcm600	cc	12	20	vcm600/channel/12/send_b	abs	channel_controls	Channel 12 Send B	channel_volume		1	Live corrected send_b for channel 12: idx 21
vcm600	cc	12	21	vcm600/channel/12/resonance	abs	channel_controls	Channel 12 Resonance	channel_volume		1	Live corrected resonance for channel 12: idx 22
vcm600	cc	12	22	vcm600/channel/12/frequency	abs	channel_controls	Channel 12 Frequency	channel_volume		1	Live corrected frequency for channel 12: idx 23
vcm600	cc	12	23	vcm600/channel/12/level	abs	channel_controls	Channel 12 Level	channel_volume		1	Live corrected level index for channel 12: idx 24
vcm600	note	13	12	vcm600/global/fx_grid/1/1		effect_buttons	FX Grid 1/1	global	vcm600/global/fx_grid/1/1	1	2x4 FX Grid; row 1 col 1; note 12
vcm600	note	13	13	vcm600/global/fx_grid/1/2		effect_buttons	FX Grid 1/2	global	vcm600/global/fx_grid/1/2	1	2x4 FX Grid; row 1 col 2; note 13
vcm600	note	13	14	vcm600/global/fx_grid/1/3		effect_buttons	FX Grid 1/3	global	vcm600/global/fx_grid/1/3	1	2x4 FX Grid; row 1 col 3; note 14
vcm600	note	13	15	vcm600/global/fx_grid/1/4		effect_buttons	FX Grid 1/4	global	vcm600/global/fx_grid/1/4	1	2x4 FX Grid; row 1 col 4; note 15
vcm600	note	13	16	vcm600/global/fx_grid/2/1		effect_buttons	FX Grid 2/1	global	vcm600/global/fx_grid/2/1	1	2x4 FX Grid; row 2 col 1; note 16
vcm600	note	13	17	vcm600/global/fx_grid/2/2		effect_buttons	FX Grid 2/2	global	vcm600/global/fx_grid/2/2	1	2x4 FX Grid; row 2 col 2; note 17
vcm600	note	13	18	vcm600/global/fx_grid/2/3		effect_buttons	FX Grid 2/3	global	vcm600/global/fx_grid/2/3	1	2x4 FX Grid; row 2 col 3; note 18
vcm600	note	13	19	vcm600/global/fx_grid/2/4		effect_buttons	FX Grid 2/4	global	vcm600/global/fx_grid/2/4	1	2x4 FX Grid; row 2 col 4; note 19
vcm600	note	13	78	vcm600/global/return_mute_a		global_buttons	Return Mute A	global	vcm600/global/return_mute_a	1	Live corrected return_mute_a: ch 13 idx 79
vcm600	note	13	79	vcm600/global/return_mute_b		global_buttons	Return Mute B	global	vcm600/global/return_mute_b	1	Live corrected return_mute_b: ch 13 idx 80
vcm600	note	13	80	vcm600/global/master_btn/1		master_buttons	Master Button 1	global	vcm600/global/master_btn/1	1	Live corrected master_l: ch 13 idx 81 / renamed label to 1 / renamed topic / renamed to btn schema
vcm600	note	13	81	vcm600/global/master_btn/2		master_buttons	Master Button 2	global	vcm600/global/master_btn/2	1	Live corrected master_j: ch 13 idx 82 / renamed label to 2 / renamed topic / renamed to btn schema
vcm600	note	13	82	vcm600/global/loop_in		global_buttons	Loop In	global	vcm600/global/loop_in	1	Live corrected loop_in: ch 13 idx 83
vcm600	note	13	83	vcm600/global/loop_out		global_buttons	Loop Out	global	vcm600/global/loop_out	1	Live corrected loop_out: ch 13 idx 84
vcm600	note	13	84	vcm600/global/loop_on_off		global_buttons	Loop On/Off	global	vcm600/global/loop_on_off	1	Live corrected loop_on_off: ch 13 idx 85
vcm600	note	13	85	vcm600/global/nudge_minus		global_buttons	Nudge -	global	vcm600/global/nudge_minus	1	Live corrected nudge_minus: ch 13 idx 86
vcm600	note	13	86	vcm600/global/nudge_plus		global_buttons	Nudge +	global	vcm600/global/nudge_plus	1	Live corrected nudge_plus: ch 13 idx 87
vcm600	note	13	86	vcm600/global/scene_push		global_buttons	Scene Push	global	vcm600/global/scene_push	1	Manual right-side switch mapping / corrected to global channel 13
vcm600	note	13	87	vcm600/global/foot_switch		global_buttons	Foot Switch	global	vcm600/global/foot_switch	1	Manual right-side switch mapping / corrected to global channel 13
vcm600	note	13	89	vcm600/global/scene_plus		global_buttons	Scene +	global	vcm600/global/scene_plus	1	Live corrected scene_plus: ch 13 idx 90
vcm600	note	13	90	vcm600/global/scene_minus		global_buttons	Scene -	global	vcm600/global/scene_minus	1	Live corrected scene_minus: ch 13 idx 91
vcm600	cc	13	12	vcm600/global/fx_grid/1/1	abs	effect_controls	FX Grid 1/1	global	vcm600/global/fx_grid/1/1	1	2x4 FX Grid; row 1 col 1; note 12
vcm600	cc	13	13	vcm600/global/fx_grid/1/2	abs	effect_controls	FX Grid 1/2	global	vcm600/global/fx_grid/1/2	1	2x4 FX Grid; row 1 col 2; note 13
vcm600	cc	13	14	vcm600/global/fx_grid/1/3	abs	effect_controls	FX Grid 1/3	global	vcm600/global/fx_grid/1/3	1	2x4 FX Grid; row 1 col 3; note 14
vcm600	cc	13	15	vcm600/global/fx_grid/1/4	abs	effect_controls	FX Grid 1/4	global	vcm600/global/fx_grid/1/4	1	2x4 FX Grid; row 1 col 4; note 15
vcm600	cc	13	16	vcm600/global/fx_grid/2/1	abs	effect_controls	FX Grid 2/1	global	vcm600/global/fx_grid/2/1	1	2x4 FX Grid; row 2 col 1; note 16
vcm600	cc	13	17	vcm600/global/fx_grid/2/2	abs	effect_controls	FX Grid 2/2	global	vcm600/global/fx_grid/2/2	1	2x4 FX Grid; row 2 col 2; note 17
vcm600	cc	13	18	vcm600/global/fx_grid/2/3	abs	effect_controls	FX Grid 2/3	global	vcm600/global/fx_grid/2/3	1	2x4 FX Grid; row 2 col 3; note 18
vcm600	cc	13	19	vcm600/global/fx_grid/2/4	abs	effect_controls	FX Grid 2/4	global	vcm600/global/fx_grid/2/4	1	2x4 FX Grid; row 2 col 4; note 19
vcm600	cc	13	20	vcm600/global/return_a_pan	abs	global_controls	Return A Pan	global		1	Live corrected global return_a_pan: ch 13 idx 21
vcm600	cc	13	21	vcm600/global/return_b_pan	abs	global_controls	Return B Pan	global		1	Live corrected global return_b_pan: ch 13 idx 22
vcm600	cc	13	22	vcm600/global/return_a_level	abs	global_controls	Return A Level	global		1	Live corrected return_a_level: ch 13 idx 23
vcm600	cc	13	23	vcm600/global/return_b_level	abs	global_controls	Return B Level	global		1	Live corrected return_b_level: ch 13 idx 24
vcm600	cc	13	24	vcm600/global/master_cue	abs	global_controls	Master Cue	global		1	Live corrected master_cue: ch 13 idx 25
vcm600	cc	13	10	vcm600/global/master_pan	abs	global_controls	Master Pan	global		1	Live corrected master_pan: ch 13 idx 11
vcm600	cc	13	7	vcm600/global/master_level	abs	global_controls	Master Level	global		1	Live corrected master_level: ch 13 idx 8
vcm600	cc	13	8	vcm600/global/cross_fader	abs	global_controls	Crossfader	global		1	Live corrected cross_fader: ch 13 idx 9
vcm600	cc	13	25	vcm600/global/tempo_fine	abs	global_controls	Tempo Fine	global		1	Live corrected tempo_fine: ch 13 idx 26
vcm600	cc	13	26	vcm600/global/tempo	abs	global_controls	Tempo	global		1	Live corrected global tempo: ch 13 idx 27
vcm600	note	13	70	vcm600/global/fx_btn_grid/1/1		fx_buttons	FX Btn Grid 1/1	global	vcm600/global/fx_btn_grid/1/1	1	2x4 FX Btn Grid; row 1 col 1; note 70
vcm600	note	13	71	vcm600/global/fx_btn_grid/1/2		fx_buttons	FX Btn Grid 1/2	global	vcm600/global/fx_btn_grid/1/2	1	2x4 FX Btn Grid; row 1 col 2; note 71
vcm600	note	13	72	vcm600/global/fx_btn_grid/1/3		fx_buttons	FX Btn Grid 1/3	global	vcm600/global/fx_btn_grid/1/3	1	2x4 FX Btn Grid; row 1 col 3; note 72
vcm600	note	13	73	vcm600/global/fx_btn_grid/1/4		fx_buttons	FX Btn Grid 1/4	global	vcm600/global/fx_btn_grid/1/4	1	2x4 FX Btn Grid; row 1 col 4; note 73
vcm600	note	13	74	vcm600/global/fx_btn_grid/2/1		fx_buttons	FX Btn Grid 2/1	global	vcm600/global/fx_btn_grid/2/1	1	2x4 FX Btn Grid; row 2 col 1; note 74
vcm600	note	13	75	vcm600/global/fx_btn_grid/2/2		fx_buttons	FX Btn Grid 2/2	global	vcm600/global/fx_btn_grid/2/2	1	2x4 FX Btn Grid; row 2 col 2; note 75
vcm600	note	13	76	vcm600/global/fx_btn_grid/2/3		fx_buttons	FX Btn Grid 2/3	global	vcm600/global/fx_btn_grid/2/3	1	2x4 FX Btn Grid; row 2 col 3; note 76
vcm600	note	13	77	vcm600/global/fx_btn_grid/2/4		fx_buttons	FX Btn Grid 2/4	global	vcm600/global/fx_btn_grid/2/4	1	2x4 FX Btn Grid; row 2 col 4; note 77
